댓글 ID,채널 ID,댓글 생성 타임스탬프,가격,상위 댓글 ID,게시물 ID,동영상 ID,댓글 텍스트,최상위 댓글 ID
Ugzz0big7uegjHytJk54AaABAg,UCuGz8hZspvz_sC0P4DLUL8Q,2026-05-17T03:53:50.82613+00:00,0,,,AQLExGlm1-Y,"{""text"":""누나 둘에 남자가 막내면 누나들 이란 존재는 시끄러운 형둘입니다""}",
Ugwvgy3vPVOivTrBPVN4AaABAg.AW5mmMOp2DXAWSVI3wbmjb,UCuGz8hZspvz_sC0P4DLUL8Q,2026-05-06T04:43:52.54262+00:00,0,Ugwvgy3vPVOivTrBPVN4AaABAg,,DsTbfaK8Szg,"{""text"":""이 착하고 성실하고 평범한 청년""}",Ugwvgy3vPVOivTrBPVN4AaABAg
UgwpKmz_XAhpIT077mh4AaABAg.AU8SmxhBLXIAUf8VKl3Q-7,UCuGz8hZspvz_sC0P4DLUL8Q,2026-03-22T18:51:17.284873+00:00,0,UgwpKmz_XAhpIT077mh4AaABAg,,b_xi4Za7Uuk,"{""text"":""메기 린데만""}",UgwpKmz_XAhpIT077mh4AaABAg
Ugx5wA2ukeZ7sTgXx4F4AaABAg,UCuGz8hZspvz_sC0P4DLUL8Q,2026-03-01T13:56:15.748974+00:00,0,,,JvBw3ThE2hY,"{""text"":""하프물범은 안먹히나요?""}",
UgzfavKEY7TTZOxhVUB4AaABAg,UCuGz8hZspvz_sC0P4DLUL8Q,2026-01-29T14:40:19.308942+00:00,0,,,2Lv_8O5ZbEA,"{""text"":""yt애플 데려와주세요""}",
Ugyhv_hhlWvf0V_UJJF4AaABAg,UCuGz8hZspvz_sC0P4DLUL8Q,2026-01-29T13:43:38.615611+00:00,0,,,ByuQCzDkEq0,"{""text"":""대전 서일고 같은데요""}",
UgwSiBia3bz_-s5x-oN4AaABAg,UCuGz8hZspvz_sC0P4DLUL8Q,2026-01-27T02:55:55.321697+00:00,0,,,Lx7LZ4WYZvU,"{""text"":""남자가 마음급해지면 여자는 뷴명 후회할텐데""}",
Ugzmp4m3R0ZTXUuwZVN4AaABAg.9EmfMC5BRo3ARmneJm5MFU,UCuGz8hZspvz_sC0P4DLUL8Q,2026-01-10T04:40:09.300074+00:00,0,Ugzmp4m3R0ZTXUuwZVN4AaABAg,,gVB_b4dXpZw,"{""text"":""채널이 팔렸나봐요 이상한게 뜨네요""}",Ugzmp4m3R0ZTXUuwZVN4AaABAg
UgzLXmnRNo-526DBmiJ4AaABAg,UCuGz8hZspvz_sC0P4DLUL8Q,2026-01-08T05:32:31.17839+00:00,0,,,gw5eM84zjAc,"{""text"":""대학교 자취방은 아무래도 그냥 가야겠죠?""}",
Ugxz_uqC_EwOIqGJAoF4AaABAg,UCuGz8hZspvz_sC0P4DLUL8Q,2026-01-06T08:00:28.358559+00:00,0,,,HZ_RKLbSunU,"{""text"":""ferdona""},{""text"":""\n""},{""text"":""\n""},{""text"":""최근에 눈쟁이보고 키보드를 바꿨는데요 자석축 이면 더 좋죠""}",
UgygTkjPm6ooOpGdTDV4AaABAg,UCuGz8hZspvz_sC0P4DLUL8Q,2026-01-06T04:50:55.142806+00:00,0,,,jg4A-wnt0mw,"{""text"":""훈련때 탄창안낀거 체중게에 올려봤는데 2kg남짓이어서 이게 이렇게 가볍다고? 라고 생각했음""}",
Ugx2yJBopB0_wE1Zvb94AaABAg,UCuGz8hZspvz_sC0P4DLUL8Q,2026-01-03T15:18:10.292403+00:00,0,,,vdLZqaRjzGI,"{""text"":""컷미다운 가져와잇!""}",
UgylOVv7y4JKKPTRoi14AaABAg,UCuGz8hZspvz_sC0P4DLUL8Q,2025-12-31T18:55:19.132917+00:00,0,,,Sf1dc4MUtuE,"{""text"":""7:09"",""videoLink"":{""externalVideoId"":""Sf1dc4MUtuE"",""startTimeSeconds"":429}},{""text"":""\n""},{""text"":""duyenn.hipp""}",
UgydK3BVO_GMm1R4HdJ4AaABAg,UCuGz8hZspvz_sC0P4DLUL8Q,2025-12-26T07:41:50.372978+00:00,0,,,fNle3faEfvc,"{""text"":""ferdona""},{""text"":""\n""},{""text"":""\n""},{""text"":""눈쟁이 내년도 화이팅""}",
UgxP55AX2gOkObm_33B4AaABAg,UCuGz8hZspvz_sC0P4DLUL8Q,2025-12-22T06:51:04.566947+00:00,0,,,ascdtz2HzBc,"{""text"":""군차량도 수동이 꽤 있는데 군차량은 액셀을 쳐서 rpm올리면서가면 덜합니다""}",
UgwJWLxjzDK3BnSJFtZ4AaABAg,UCuGz8hZspvz_sC0P4DLUL8Q,2025-12-19T09:43:13.513888+00:00,0,,,NDcH3pzBmYQ,"{""text"":""타임라인 모음""},{""text"":""\n""},{""text"":""\n""},{""text"":""35:25"",""videoLink"":{""externalVideoId"":""NDcH3pzBmYQ"",""startTimeSeconds"":2125}},{""text"":"" 서버입장""},{""text"":""\n""},{""text"":""4:56:28"",""videoLink"":{""externalVideoId"":""NDcH3pzBmYQ"",""startTimeSeconds"":17788}},{""text"":"" 히든""},{""text"":""\n""},{""text"":""5:10:31"",""videoLink"":{""externalVideoId"":""NDcH3pzBmYQ"",""startTimeSeconds"":18631}},{""text"":""\n""},{""text"":""7:21:00"",""videoLink"":{""externalVideoId"":""NDcH3pzBmYQ"",""startTimeSeconds"":26460}}",
UgzSEzuuzng60-x7d_B4AaABAg.AQVLyqQ--_fAQWkMamE-Dp,UCuGz8hZspvz_sC0P4DLUL8Q,2025-12-09T17:12:54.101821+00:00,0,UgzSEzuuzng60-x7d_B4AaABAg,,67rsca-6g8c,"{""text"":""응력 차폐 말씀이신거죠?""}",UgzSEzuuzng60-x7d_B4AaABAg
Ugya2az1w5vLIqrAUZN4AaABAg,UCuGz8hZspvz_sC0P4DLUL8Q,2025-12-08T15:27:24.909954+00:00,0,,,ewBeYu-qpuM,"{""text"":""군대를 안갔나..? 못갔나..? 세탁기랑 빨래를 어캐 못하지?""}",
Ugxya4X2V5e45E3g--l4AaABAg,UCuGz8hZspvz_sC0P4DLUL8Q,2025-12-08T04:30:57.995121+00:00,0,,,Gmv4YqgMvpk,"{""text"":""와 tccc""}",
UgwI9amfj7QjmE1a9LN4AaABAg,UCuGz8hZspvz_sC0P4DLUL8Q,2025-11-30T02:24:29.691335+00:00,0,,,WY0uqKh5xRU,"{""text"":""신발장은 청소안하셔요..? 하면 상관없지 않나요?""}",
Ugxge_7jPMM4rGAR9yR4AaABAg,UCuGz8hZspvz_sC0P4DLUL8Q,2025-11-20T08:21:51.085711+00:00,0,,,XAt3f82-dao,"{""text"":""한국에 있었죠 근데 외국에 넘긴걸로 알고있습니다 회사에 자금이 부족해서 파산직전에요.. 예""}",
UgyEZjErntABXwKDcK54AaABAg,UCuGz8hZspvz_sC0P4DLUL8Q,2025-11-17T22:50:28.923831+00:00,0,,,CphAsqxBqzc,"{""text"":""아침에 카프레이즈 연속 50회면 ""},{""text"":""\n""},{""text"":""어.. 예 괜찮을것 같네요""}",
UgyjKfYjGfLsATHYBNl4AaABAg,UCuGz8hZspvz_sC0P4DLUL8Q,2025-11-14T11:21:31.236586+00:00,0,,,sJiBK9neNoQ,"{""text"":""군수지원대대 는 준위 보기 매우 쉬웠습니다""}",
UgxGUh7O2Fszha8zzBx4AaABAg,UCuGz8hZspvz_sC0P4DLUL8Q,2025-11-11T09:53:10.772053+00:00,0,,,s8c7QPXK-wo,"{""text"":""36:14"",""videoLink"":{""externalVideoId"":""s8c7QPXK-wo"",""startTimeSeconds"":2174}},{""text"":"" 히어로가 아니라 히로인이요..?""}",
UgxUZ0lLwpQXxJJZkct4AaABAg,UCuGz8hZspvz_sC0P4DLUL8Q,2025-10-31T08:10:30.093471+00:00,0,,,1kllY9xJDjs,"{""text"":""ferdona""},{""text"":""\n""},{""text"":""제컴퓨터도 눈쟁이로 공부하다 맞췄어요 항상 고마워요""}",
UgwyWPcs_7Hbn7ZLG7J4AaABAg,UCuGz8hZspvz_sC0P4DLUL8Q,2025-10-27T19:39:30.851957+00:00,0,,,WjWKzqkprcI,"{""text"":""가로로 하셨네.. 접착면을 보다 적게ㅜ세로로 했다면 다르지 않았을까요""}",
UgyRYTBEHxOKEejshFl4AaABAg,UCuGz8hZspvz_sC0P4DLUL8Q,2025-10-25T04:21:41.845692+00:00,0,,,2BHDmsi02nQ,"{""text"":""사리곰탕이나 사줘야겠다""}",
Ugy77Ru4ftaM0i4i9Lp4AaABAg,UCuGz8hZspvz_sC0P4DLUL8Q,2025-10-20T05:10:45.91358+00:00,0,,,8yM-SaPxrMY,"{""text"":""재밌는데 구독은 안할래요""}",
UgyuNH1zD7ye5uc8zcR4AaABAg,UCuGz8hZspvz_sC0P4DLUL8Q,2025-09-26T03:11:01.211809+00:00,0,,,Tbl5T4YimI4,"{""text"":""이시대에 레식 유튜버 라니 대단하시군요""}",
UgwITudKrwynz6phPM54AaABAg,UCuGz8hZspvz_sC0P4DLUL8Q,2025-09-25T21:40:29.711773+00:00,0,,,P1qagC7pyaY,"{""text"":""알두인""}",
Ugy5tP6E32DIdGAeTlp4AaABAg,UCuGz8hZspvz_sC0P4DLUL8Q,2025-09-23T10:07:28.357842+00:00,0,,,Sc_dSCcJH8g,"{""text"":""이게 왜 지금 알고리즘에..?""}",
Ugw0yCWyvvTuRyfyIJN4AaABAg,UCuGz8hZspvz_sC0P4DLUL8Q,2025-09-11T01:46:20.672616+00:00,0,,,nw_07jCMvyQ,"{""text"":""기졀! 잡아따! 기졀! 기여워요""}",
UgxsgnufaT_e0IezC414AaABAg,UCuGz8hZspvz_sC0P4DLUL8Q,2025-09-10T18:44:13.962698+00:00,0,,,HvMBKSuyezM,"{""text"":""저도 구닌인데..""}",
UgwErxdD7lOYecIlnkV4AaABAg,UCuGz8hZspvz_sC0P4DLUL8Q,2025-09-10T18:42:49.317225+00:00,0,,,LHTO1ExuGMI,"{""text"":""??:마트 다녀오셨나 봐요""}",
UgwxZT4fJQ2emmW1hhd4AaABAg,UCuGz8hZspvz_sC0P4DLUL8Q,2025-09-10T18:40:30.695236+00:00,0,,,66527DpnnDQ,"{""text"":""곰은 사람을 찢어""},{""text"":""\n""},{""text"":""곰씨는 팀원을 찢어""}",
UgwJSeuW-R9VtpXrsJV4AaABAg,UCuGz8hZspvz_sC0P4DLUL8Q,2025-09-10T18:39:21.880198+00:00,0,,,sYjuGk7D7M8,"{""text"":""방송몇시에 하시나요?""}",
Ugz1sSe2tpz8EfqI94Z4AaABAg,UCuGz8hZspvz_sC0P4DLUL8Q,2025-09-10T18:32:03.519908+00:00,0,,,Lg5sqZ6wQ3s,"{""text"":""이상한거 아이언사이트 , 박격포, 판처""}",
UgxMPiJxQNFttYC3x2h4AaABAg,UCuGz8hZspvz_sC0P4DLUL8Q,2025-09-10T18:28:29.419984+00:00,0,,,2bo3_HfxMtc,"{""text"":""사자님 부럽다""}",
UgxmIEJiIHcXzUJdswV4AaABAg,UCuGz8hZspvz_sC0P4DLUL8Q,2025-09-10T18:26:03.385398+00:00,0,,,kfY3F5U13Qo,"{""text"":""판처 어떻게 하시는거에여?""}",
Ugw95oxLlJhfOIFUHaF4AaABAg,UCuGz8hZspvz_sC0P4DLUL8Q,2025-09-09T19:15:45.950197+00:00,0,,,GnT21JYTDVE,"{""text"":""귀엽다""}",
Ugwx962Un2mWpagQN2B4AaABAg,UCuGz8hZspvz_sC0P4DLUL8Q,2025-09-07T18:14:11.221056+00:00,0,,,uEiFJ30wfuk,"{""text"":""진짜 귀여우시다""}",
UgxnN30L_3CN3aqJUxZ4AaABAg,UCuGz8hZspvz_sC0P4DLUL8Q,2025-09-07T18:09:16.046024+00:00,0,,,CDU4UogNc1g,"{""text"":""오 귀여워요""}",
UgzfHOAO4aUmCOLR7RJ4AaABAg.AM8qnevVcVsAMmMRBfkyLD,UCuGz8hZspvz_sC0P4DLUL8Q,2025-09-07T17:56:35.28834+00:00,0,UgzfHOAO4aUmCOLR7RJ4AaABAg,,ury1qxW98CQ,"{""text"":""먹버..?""}",UgzfHOAO4aUmCOLR7RJ4AaABAg
Ugyn6L0toUYx39blNsV4AaABAg,UCuGz8hZspvz_sC0P4DLUL8Q,2025-08-23T05:51:07.54575+00:00,0,,,0GBDNTumR14,"{""text"":""쓰는데도 물론 있겠지만 일단 우리부대는 없었음""}",
Ugxsu5fT-pNH_H-_kip4AaABAg,UCuGz8hZspvz_sC0P4DLUL8Q,2025-08-15T07:49:52.937635+00:00,0,,,1jJ756ZJmuY,"{""text"":""짬밥이요""}",
Ugw2SDX3cxyXmZvt_5l4AaABAg,UCuGz8hZspvz_sC0P4DLUL8Q,2025-05-13T05:09:50.951177+00:00,0,,,O-E0jf3vaok,"{""text"":""눈치우는더 겁나 힘든데 자기가 안해봤다고 금방할것 같다 이러네""}",
UgyYUscfNfkjCunzNIJ4AaABAg,UCuGz8hZspvz_sC0P4DLUL8Q,2025-05-11T08:54:52.799147+00:00,0,,,6l0ilAkIdo8,"{""text"":""총기 잃어버린건 해당 군인이 더 딲였을것 같은데...""}",
UgzFQPeLl3p-dsGMRnh4AaABAg,UCuGz8hZspvz_sC0P4DLUL8Q,2025-05-11T06:09:27.164381+00:00,0,,,qw-MtXpadHg,"{""text"":""군대 체험""}",
UgyEPDQBJp3gmJnkfld4AaABAg,UCuGz8hZspvz_sC0P4DLUL8Q,2025-05-06T09:12:29.544721+00:00,0,,,wnl1KUpN1lE,"{""text"":""남자것도 해주세요""}",
Ugwm5Jlj9f9f0PulfwJ4AaABAg,UCuGz8hZspvz_sC0P4DLUL8Q,2025-05-04T02:41:24.933671+00:00,0,,,DYvXNHAnEYI,"{""text"":""깔깔이 디지털디자인으로 줍니다""}",
UgyfYfMpipvyaRmcjsV4AaABAg,UCuGz8hZspvz_sC0P4DLUL8Q,2025-04-30T07:28:06.83494+00:00,0,,,rGdGSIJqnv0,"{""text"":""요즘 군대가 짧다 뭐라도 할 수 있겠냐 하시지만 다 주특기만큼은 가능합니다""}",
Ugyy6MhGvv8RQHvWRf54AaABAg,UCuGz8hZspvz_sC0P4DLUL8Q,2025-04-04T23:20:50.979104+00:00,0,,,NyuhrwysKX8,"{""text"":""day6 - congratulations 리메이크 인가요?""}",
Ugw5Z1FcSwdUOTYqDYJ4AaABAg,UCuGz8hZspvz_sC0P4DLUL8Q,2025-01-31T14:01:45.412895+00:00,0,,, -yD5LJEbWIM,"{""text"":""인간 머리를 극도로 잘씀 그 대가로 근육이 녹음""}",
UgyXRGfsm6V1_Ho5xd14AaABAg,UCuGz8hZspvz_sC0P4DLUL8Q,2025-01-05T07:28:56.858993+00:00,0,,,BSY3XT5-MhE,"{""text"":""이수 넘쳐흘러""}",
UgzQBb1_Ryq33fmv6rR4AaABAg,UCuGz8hZspvz_sC0P4DLUL8Q,2024-12-12T15:46:33.826807+00:00,0,,UgkxmjRs6s9hfNNazi2X6P9-jlEyslZhOucG,,"{""text"":""재생목록좀 만들어주세요""}",
UgyWZZtB3MWGocZ-1XZ4AaABAg,UCuGz8hZspvz_sC0P4DLUL8Q,2024-12-07T16:34:50.844581+00:00,0,,,Th_Y3RcxMQQ,"{""text"":""기사님 나빠요""}",
Ugw5H4RCmB8dEDGzpAl4AaABAg,UCuGz8hZspvz_sC0P4DLUL8Q,2024-12-01T09:34:57.342465+00:00,0,,,uDHIOsRGSxM,"{""text"":""남자 여자 문제가 아니라 그냥 잘부르시잖아요""}",
UgyChq48Pe6u1DP9h894AaABAg,UCuGz8hZspvz_sC0P4DLUL8Q,2024-10-12T10:04:28.684474+00:00,0,,,7bEt1bN9dzM,"{""text"":""우리는 앞이랑 똑같은데..""}",
UgwvxhM1rLx8H6FzT8x4AaABAg,UCuGz8hZspvz_sC0P4DLUL8Q,2024-03-27T05:14:21.841057+00:00,0,,,LXZF-_y9iAs,"{""text"":""교회 안좋아하면 다니는 사람도 싫어하냐 물어보고 싫다하면 근처에 안가요..""}",
UgwchpXs4crtrfd3SV94AaABAg,UCuGz8hZspvz_sC0P4DLUL8Q,2024-02-20T03:49:39.526484+00:00,0,,UgkxfxKH5Abwbphz5wfuqsHgZagWfPI9FdNC,,"{""text"":""킥 가죠!""}",
UgyCxDQ4wHhRF_MVAAV4AaABAg,UCuGz8hZspvz_sC0P4DLUL8Q,2024-02-19T03:44:44.687372+00:00,0,,,3S2bMja_dMM,"{""text"":""louis and chunsik""}",
UgyWhhXy3ybwO4L_4sl4AaABAg,UCuGz8hZspvz_sC0P4DLUL8Q,2024-02-15T13:09:29.606921+00:00,0,,,xrmk5ckGP-o,"{""text"":""유튭 채널도 파줘잉..""}",
UgyLgAnlU8OACjAD4G14AaABAg,UCuGz8hZspvz_sC0P4DLUL8Q,2023-12-05T19:36:53.069279+00:00,0,,,-8pkqpu75Ec,"{""text"":""악마분쇄기면 즉일 수 있는..?""}",
UgylRR8ywzdBDKdpoHN4AaABAg,UCuGz8hZspvz_sC0P4DLUL8Q,2023-11-19T10:41:19.279204+00:00,0,,,F_vLaYgZAJw,"{""text"":""형 저녁시간대에 이건 너무하잖아...""}",
Ugwm8QYuBsZlHSS7Eep4AaABAg,UCuGz8hZspvz_sC0P4DLUL8Q,2023-11-07T16:41:48.81135+00:00,0,,,NF69tgni-nE,"{""text"":""십자가 뒤집힌거 성인의 증표인데..""}",
UgwEaj3CN6_gECw8nRJ4AaABAg,UCuGz8hZspvz_sC0P4DLUL8Q,2023-10-11T11:38:00.0294+00:00,0,,,4E4zE7rwShs,"{""text"":""허듄임 ""},{""text"":""12:43"",""videoLink"":{""externalVideoId"":""4E4zE7rwShs"",""startTimeSeconds"":763}}",
UgyIB1pXvKgD6ArnF-Z4AaABAg,UCuGz8hZspvz_sC0P4DLUL8Q,2023-09-18T09:30:25.877108+00:00,0,,,4_bQ0GQDYvs,"{""text"":""담공지.. 주세요..""}",
UgxZqWCRI11pZsgO_WZ4AaABAg,UCuGz8hZspvz_sC0P4DLUL8Q,2023-09-15T10:27:16.747588+00:00,0,,,7DWKxKCfTng,"{""text"":""형님 다른 것도 요약해주세요! 형님께 가장 재밌습니다!""},{""text"":""\n""},{""text"":""\n""},{""text"":""\n""},{""text"":""%지나가던 어머니께서 저XX왜 저러냐 하심""}",
UgwCMSy2IEYZkjbS9WF4AaABAg,UCuGz8hZspvz_sC0P4DLUL8Q,2023-08-08T15:03:48.493+00:00,0,,,Uqpv60UbIcA,"{""text"":""1기압에서 뜰락말락한거면 공기를 빼면 뜨는거임..?""}",
UgwymKkLJhJIFpIP_WV4AaABAg.9t3dJmQzChh9t3dPpEahYe,UCuGz8hZspvz_sC0P4DLUL8Q,2023-08-06T08:06:48.017604+00:00,0,UgwymKkLJhJIFpIP_WV4AaABAg,,a39kl2fqazo,"{""text"":""imnotmandy라는 유튜브도 있음""}",UgwymKkLJhJIFpIP_WV4AaABAg
UgwymKkLJhJIFpIP_WV4AaABAg,UCuGz8hZspvz_sC0P4DLUL8Q,2023-08-06T08:05:58.596382+00:00,0,,,a39kl2fqazo,"{""text"":""혹시 궁금한사람을 위한 도리""},{""text"":""\n""},{""text"":""아름다우신뷴은 mandy라고 하신다""}",
UgwXm7x6_mPaXVTz_s54AaABAg,UCuGz8hZspvz_sC0P4DLUL8Q,2023-07-07T01:41:41.501177+00:00,0,,,tAqgvP07RnQ,"{""text"":""저도 it보안 관련 전공으로써 매우 감명깊게 봤습니다""},{""text"":""\n""},{""text"":""전반적인 해킹툴을 볼 수 있어 놀랐고 ""},{""text"":""\n""},{""text"":""토스사용자로서 다른 은행보다 사설이라는 느낌이커서""},{""text"":""\n""},{""text"":""토스를 부수적은행으로 사용하고 있었는데""},{""text"":""\n""},{""text"":""토스DB가 유출된적없다는 것으로 더욱더 오래 길게 써도 되겠다는 생각이 들었습니다""},{""text"":""\n""},{""text"":""#헬소닉"",""hashtag"":{""hashtagId"":""헬소닉""}}",
UgxKdUeVoQ7C5G0RZbh4AaABAg,UCuGz8hZspvz_sC0P4DLUL8Q,2023-06-22T15:46:06.439982+00:00,0,,,BkfNggS6va0,"{""text"":""쓰나미면 걍 못가는거잖아""}",
Ugxf9Ob3SzIa4kYcoKV4AaABAg,UCuGz8hZspvz_sC0P4DLUL8Q,2023-06-21T23:55:15.200831+00:00,0,,,GUOosgN0dno,"{""text"":""에이스 빼고 카드정렬까지...""}",
UgxGwXMuhBuyp8BJwph4AaABAg,UCuGz8hZspvz_sC0P4DLUL8Q,2023-06-07T02:30:16.263423+00:00,0,,,NjBzyfRCpY0,"{""text"":""명문이라면서 반요자나..""}",
Ugx49qFnoK5x8_b5D_N4AaABAg,UCuGz8hZspvz_sC0P4DLUL8Q,2023-05-09T01:49:41.433979+00:00,0,,, -SbUahCM-qw,"{""text"":""그 특정층까진 차갑고 그이하는 뜨거운게 맞긴함""}",
Ugxt9JTc04_fra0VmRx4AaABAg,UCuGz8hZspvz_sC0P4DLUL8Q,2023-05-09T01:30:22.269018+00:00,0,,,bw8PTBBNaOQ,"{""text"":""중력: 허.허""},{""text"":""\n""},{""text"":""악어: 그만보죠. 그만 봅시다 하아..""}",
Ugy-weOpcfJ5BaPrA894AaABAg,UCuGz8hZspvz_sC0P4DLUL8Q,2023-05-07T09:20:35.656847+00:00,0,,,SgTELfIxIlQ,"{""text"":""아마 중탕하시는게 더 좋았을거에요""}",
Ugyxa6KaP1O8FfFo0pF4AaABAg.9pK4OHOc49H9pKWKK9QgX9,UCuGz8hZspvz_sC0P4DLUL8Q,2023-05-05T11:17:39.4609+00:00,0,Ugyxa6KaP1O8FfFo0pF4AaABAg.9pK4OHOc49H9pK6GPlg8Mz,,FiQOEdotI4A,"{""text"":""@KR_Lua"",""mention"":{""externalChannelId"":""UCYYUtc4wX6MebK5hMWoQR3w""}},{""text"":"" ㅔ?""},{""text"":""\n""},{""text"":""아니 기만 이었다면 죄송합니다!""},{""text"":""\n""},{""text"":""알고리즘이 이끌었어요""}",Ugyxa6KaP1O8FfFo0pF4AaABAg
Ugyxa6KaP1O8FfFo0pF4AaABAg,UCuGz8hZspvz_sC0P4DLUL8Q,2023-05-05T07:13:31.836742+00:00,0,,,FiQOEdotI4A,"{""text"":""이미 있는디..?""}",
Ugw5BZwzX-gOJCeDBul4AaABAg,UCuGz8hZspvz_sC0P4DLUL8Q,2023-05-05T04:23:17.931679+00:00,0,,,b0dRc3ZntMo,"{""text"":""해신탕이 저렇게..""}",
UgxjcauU-ntNIyaDprh4AaABAg,UCuGz8hZspvz_sC0P4DLUL8Q,2023-05-04T16:14:07.311664+00:00,0,,,omlhITsCPIY,"{""text"":""18: 열심히""},{""text"":""\n""},{""text"":""24: 강약""},{""text"":""\n""},{""text"":""32: 감정을 실어서""}",
UgwPiLwxrq9u0GnMdyt4AaABAg,UCuGz8hZspvz_sC0P4DLUL8Q,2023-04-22T00:14:10.429509+00:00,0,,,sDwau2nlNm0,"{""text"":""알고리즘아 왜그래...안그래도 슬픈데...""}",
UgxP9HcJXi72rbtry2F4AaABAg,UCuGz8hZspvz_sC0P4DLUL8Q,2023-04-21T23:45:56.902889+00:00,0,,,2qy467OWMqc,"{""text"":""이야.. 대단하시네요.. 마법모드로 효율잡는거 신기하네요""}",
UgyMIKA5i99uMks_-dN4AaABAg,UCuGz8hZspvz_sC0P4DLUL8Q,2023-04-13T09:58:19.748759+00:00,0,,,XXRiC-vkV2U,"{""text"":""아침햇살이 눈에 스며들면 이물질이라서 너무 따가울것 같은걸요 ㅋㅋ""}",
UgzFu1r19L4cJi9Es4x4AaABAg,UCuGz8hZspvz_sC0P4DLUL8Q,2023-04-10T08:56:33.595582+00:00,0,,,lUA3iNburNo,"{""text"":""수영복도 장지인가요""}",
Ugx02K3fNQNiDOp2xPx4AaABAg,UCuGz8hZspvz_sC0P4DLUL8Q,2023-04-06T08:48:36.707855+00:00,0,,,FA3QXbqpZmQ,"{""text"":""노...노래가 좋아... ㅅㅂ""},{""text"":""\n""},{""text"":""쇼유캔 워치미 나우 이게 왜 좋지..?""}",
UgwrSfjgHXGwZrlsAv54AaABAg,UCuGz8hZspvz_sC0P4DLUL8Q,2023-03-16T09:32:56.044961+00:00,0,,,0xkmI6zrP2o,"{""text"":""시대가 바뀌니 여러가지가 나오는구나""}",
UgzzheV2Azyc6Ll3NiJ4AaABAg,UCuGz8hZspvz_sC0P4DLUL8Q,2023-03-10T00:32:56.186389+00:00,0,,,YHZjsdsAPH4,"{""text"":""모두에게 살의를 느끼는자""}",
UgxqbH3KxRxVqzyU0g14AaABAg,UCuGz8hZspvz_sC0P4DLUL8Q,2023-03-08T06:43:00.331186+00:00,0,,,EwRnqspISrI,"{""text"":""혈액형상 여자가 OO고 남자가 OA면 애가 OA라서 A일 수 있슴다""}",
Ugwyi6__wftIm4r-Hzx4AaABAg,UCuGz8hZspvz_sC0P4DLUL8Q,2023-02-16T20:18:52.450459+00:00,0,,,FkDdJN_gZkA,"{""text"":""일단 여기 전민동임""}",
UgwqZG4zQq7hkk19Shx4AaABAg,UCuGz8hZspvz_sC0P4DLUL8Q,2023-01-27T12:24:07.320394+00:00,0,,,ygr45qLIbh4,"{""text"":""# 더웍""},{""text"":""\n""},{""text"":""취미로 요리를 하고싶어서 시청한 승우아빠이지만 일상부터 생방까지 보게됬습니다""},{""text"":""\n""},{""text"":""받는다면 열심히 보겠습니다""}",
Ugzx6c7HoLwFTAjeKcF4AaABAg,UCuGz8hZspvz_sC0P4DLUL8Q,2022-12-10T02:10:44.313278+00:00,0,,UgkxuRSKIELu2lMgrKNMmYHBuEND-rK33eLX,,"{""text"":""제목..강호의 도리""}",
Ugws4JuGSaPl7m02rVB4AaABAg,UCuGz8hZspvz_sC0P4DLUL8Q,2022-09-28T14:35:01.891035+00:00,0,,,8XqB18b-v94,"{""text"":"".""}",
UgxwU7sbNiWqQ7scEvt4AaABAg,UCuGz8hZspvz_sC0P4DLUL8Q,2022-09-21T23:37:01.073077+00:00,0,,,zdki77iSiOk,"{""text"":""줄이어폰 할때 에어팟 들고 있잖아....""}",
Ugxr_mqMm5YR_xoU4754AaABAg,UCuGz8hZspvz_sC0P4DLUL8Q,2022-08-06T04:43:52.32448+00:00,0,,,tAgvWk52N2w,"{""text"":""근데 어디에도 예약함..ㄷㄷ""}",
UgzuVYpqdqFSS_WNXN94AaABAg.9eNQc0-_ysp9eNQeBMCwX1,UCuGz8hZspvz_sC0P4DLUL8Q,2022-08-06T04:40:27.765368+00:00,0,UgzuVYpqdqFSS_WNXN94AaABAg,,CpPmW7RSeSg,"{""text"":""이해할텐데""}",UgzuVYpqdqFSS_WNXN94AaABAg
UgzuVYpqdqFSS_WNXN94AaABAg,UCuGz8hZspvz_sC0P4DLUL8Q,2022-08-06T04:40:10.113843+00:00,0,,,CpPmW7RSeSg,"{""text"":""안간다해도""}",
Ugypf8LVb7RHw3T2Iid4AaABAg,UCuGz8hZspvz_sC0P4DLUL8Q,2022-07-25T02:38:23.69422+00:00,0,,,oF7sQ31NCF4,"{""text"":""걍 전문댄서해 형!""}",
UgxLYaMrnpBjdRuWfHF4AaABAg,UCuGz8hZspvz_sC0P4DLUL8Q,2022-07-17T09:06:01.052765+00:00,0,,UgkxoZcyOv9_v5e780p0Ahj-o6POPuNjKKgU,,"{""text"":""2번이요""}",
UgyEBuMbg2rrL1yFij94AaABAg,UCuGz8hZspvz_sC0P4DLUL8Q,2022-07-14T02:04:27.652509+00:00,0,,,fZF95JWnP5I,"{""text"":""잇프피들 관심있는거 물어보고 떠드는게 나음""}",
Ugy862OjFSVcNtB4IV54AaABAg,UCuGz8hZspvz_sC0P4DLUL8Q,2022-07-01T10:27:09.431978+00:00,0,,UgkxA5nZfRv_2peoTycLdMHYU-eBXg7MfLNZ,,"{""text"":""나츠""}",
UgzksvmlwzcwFNdFaUl4AaABAg,UCuGz8hZspvz_sC0P4DLUL8Q,2022-06-26T11:48:01.658689+00:00,0,,,TnYb-ykc_fk,"{""text"":""기네스 흑맥주 제가 좋아하는 맥주인데요 이번에 콜라보 음식들을 보니 너무 맛있어 보이네요""}",
Ugwr4PqIILL3rTl-blJ4AaABAg,UCuGz8hZspvz_sC0P4DLUL8Q,2022-03-14T06:42:15.826539+00:00,0,,,7zUjhWzpVTg,"{""text"":""현재: 아 교수님~! 제가 코로나 검사하다 늦어서요.. 죄송합니다..""}",
Ugw-tr5n0HlYuryQxDN4AaABAg,UCuGz8hZspvz_sC0P4DLUL8Q,2022-02-01T14:16:00.840545+00:00,0,,,LM_VwzbG090,"{""text"":""계란님 쵸단님볼때 오른팔에 있는거 배포장지 아닌가요?""}",
Ugx404Vc0ZTA9JLFY7F4AaABAg,UCuGz8hZspvz_sC0P4DLUL8Q,2022-01-30T13:40:41.855395+00:00,0,,,wb0d9F08YfU,"{""text"":""죄송합니다..""}",
UgxaBFEQDxWjEo1RvHh4AaABAg,UCuGz8hZspvz_sC0P4DLUL8Q,2022-01-29T02:45:37.858709+00:00,0,,,TvjAozZ2jso,"{""text"":""오 초점 맞추면 안보이는데 초점풀면보임 호랭이랑 판다""}",
UgzVWyxQjO49FXt09rR4AaABAg,UCuGz8hZspvz_sC0P4DLUL8Q,2022-01-14T15:32:09.219596+00:00,0,,UgkxE_s6Emk2n4PV0NvYqcpO7nrN-ZjWnTll,,"{""text"":""현 팔부러진 사람인데여.. 입원중인데 심심해서 죽을것같아요""}",
UgwRm9u-VEdmeCTSAtt4AaABAg,UCuGz8hZspvz_sC0P4DLUL8Q,2021-12-29T14:42:32.915156+00:00,0,,UgkxyG9_AuSUvyh-Yrz-_om_cFoHPIGqLMB8,,"{""text"":""시그 언제 나와요?""}",
UgxbuwrMq8hrWPe-J4d4AaABAg,UCuGz8hZspvz_sC0P4DLUL8Q,2021-12-19T16:33:58.13895+00:00,0,,,IpzMs5iaeJU,"{""text"":""죄송한데 귀칼을 안보신듯한 느낌이 나서 하는말입니다. ""},{""text"":""\n""},{""text"":""귀칼을 안보고 귀칼을 진행하면 시청자들 울화통이 터집니다..""}",
UgyqNZ4f_-LSP2HJT3l4AaABAg,UCuGz8hZspvz_sC0P4DLUL8Q,2021-12-05T04:31:52.633496+00:00,0,,,FrGLHNFz6-8,"{""text"":""아니 이게 갑자기 왜떠요?""}",
UgwgUPmKpPEMiFMd2Sp4AaABAg,UCuGz8hZspvz_sC0P4DLUL8Q,2021-11-25T11:05:20.349475+00:00,0,,UgkxVF9DaxLB9eQ1pBGuU8ClC4vGBNUPxgxC,,"{""text"":""파인애플 성분땜시 못먹슴다""}",
Ugx2etemxkgW7PVu_514AaABAg,UCuGz8hZspvz_sC0P4DLUL8Q,2021-10-15T12:45:40.666616+00:00,0,,,rFIsNdodBHA,"{""text"":""2:50"",""videoLink"":{""externalVideoId"":""rFIsNdodBHA"",""startTimeSeconds"":170}},{""text"":"" 노래시작!""}",
UgweNHVWe4DJPyJw1814AaABAg,UCuGz8hZspvz_sC0P4DLUL8Q,2021-10-14T13:22:17.522072+00:00,0,,, -fJvUFxy__U,"{""text"":""5:35"",""videoLink"":{""externalVideoId"":""-fJvUFxy__U"",""startTimeSeconds"":335}},{""text"":"" 쵸단 이쁘당""}",
Ugy8tSwZKruRRKnAkEF4AaABAg,UCuGz8hZspvz_sC0P4DLUL8Q,2021-10-04T15:52:34.313528+00:00,0,,,N4WyPmWh4hY,"{""text"":""10:06"",""videoLink"":{""externalVideoId"":""N4WyPmWh4hY"",""startTimeSeconds"":606}},{""text"":"" 칼과 나이프면 칼과칼 아닌가요? 포크와 나이프아닌가요?""}",
UgxWw6EAJoxju2K_Q-V4AaABAg,UCuGz8hZspvz_sC0P4DLUL8Q,2021-10-02T18:30:16.575121+00:00,0,,,5l-Z3Sr3_wk,"{""text"":""준표님께서 숨으로 띄운다는게 학계의 정설""}",
UgwK5KaEzD1JO_hod4l4AaABAg,UCuGz8hZspvz_sC0P4DLUL8Q,2021-09-08T03:10:28.701339+00:00,0,,,P48cUnAcrQI,"{""text"":""약간 덥스텝건같은 느낌임""},{""text"":""\n""},{""text"":""제드이름값땜시 비싼것같음""}",
UgywsD-oxu78nElIo1p4AaABAg,UCuGz8hZspvz_sC0P4DLUL8Q,2021-09-04T17:47:41.4713+00:00,0,,,9R6v8u88DkU,"{""text"":""2:51"",""videoLink"":{""externalVideoId"":""9R6v8u88DkU"",""startTimeSeconds"":171}},{""text"":"" \""고양이의 은밀한 취미\""=고은미""}",
Ugw5b2zggWKB3miWBE54AaABAg,UCuGz8hZspvz_sC0P4DLUL8Q,2021-08-19T13:52:30.406372+00:00,0,,UgyLPC8pvgyuIiBOOdJ4AaABCQ,,"{""text"":""고3입니다. 저희는 백신 다 맞아서 전부 등교중입니다.""}",
Ugw54uqWClj4zZGj0d54AaABAg,UCuGz8hZspvz_sC0P4DLUL8Q,2021-08-14T13:35:40.766263+00:00,0,,,ev_89yqK1Y8,"{""text"":""1:05"",""videoLink"":{""externalVideoId"":""ev_89yqK1Y8"",""startTimeSeconds"":65}},{""text"":"" 핑크 우지""}",
UgyqyH9EbByjdYskk1F4AaABAg,UCuGz8hZspvz_sC0P4DLUL8Q,2021-08-11T13:55:31.214076+00:00,0,,,CTE6V9TAEbg,"{""text"":""이거 ""},{""text"":""1:07"",""videoLink"":{""externalVideoId"":""CTE6V9TAEbg"",""startTimeSeconds"":67}},{""text"":""초에 육성재 원래 목소리들린거 치인다""}",
UgxUlWyZlylngdZb2_F4AaABAg,UCuGz8hZspvz_sC0P4DLUL8Q,2021-08-04T14:21:32.443156+00:00,0,,,C8_nDVcWuAg,"{""text"":""4:07"",""videoLink"":{""externalVideoId"":""C8_nDVcWuAg"",""startTimeSeconds"":247}},{""text"":"" 수이수이님 \""미아내..\""""}",
UgxqkTv8KZGsMOp7txh4AaABAg,UCuGz8hZspvz_sC0P4DLUL8Q,2021-07-28T00:52:08.927162+00:00,0,,,ZQ6uuInki80,"{""text"":""이거 보니까 유니콘의 특징 생각난다""}",
UgzEs4fHX-dPOioMRW14AaABAg,UCuGz8hZspvz_sC0P4DLUL8Q,2021-07-18T09:57:37.846081+00:00,0,,,xM8zLQr5yCk,"{""text"":""ㅋㅋ ㄹㅈㄷ ""},{""text"":""\n""},{""text"":""아~ 잘보고 갑니다""}",
UgzOpF_4UBLJ8ZEbZX54AaABAg,UCuGz8hZspvz_sC0P4DLUL8Q,2021-07-10T13:16:42.617501+00:00,0,,Ugw8SyiZ-lg9BPfXFvt4AaABCQ,,"{""text"":""쿠킹덤""}",
Ugxj-BM5WNUu7ETuJhN4AaABAg.9Mcz9I8hkx79OovLgEdhrA,UCuGz8hZspvz_sC0P4DLUL8Q,2021-06-20T17:22:27.259909+00:00,0,Ugxj-BM5WNUu7ETuJhN4AaABAg,,ZEA1nVguaI4,"{""text"":""he was a car""}",Ugxj-BM5WNUu7ETuJhN4AaABAg
UgxHfoLS-JmuVJAQ_oF4AaABAg,UCuGz8hZspvz_sC0P4DLUL8Q,2021-06-20T13:10:13.509922+00:00,0,,UgwfNMGEKQw4bOubCCB4AaABCQ,,"{""text"":""티어는 다 채웠으나 그 레디어나이트주는 에피소드?를 못채움""}",
UgzVetPGBpZ0DxSDXJx4AaABAg.9OhKyD4pAPR9OkrL2m2O_e,UCuGz8hZspvz_sC0P4DLUL8Q,2021-06-19T03:30:27.246078+00:00,0,UgzVetPGBpZ0DxSDXJx4AaABAg,,nZflgBz0Ugk,"{""text"":""ㅋㅋㅋㅋㅋㅋ""}",UgzVetPGBpZ0DxSDXJx4AaABAg
UgyQDBT9cuuD_sVllpx4AaABAg,UCuGz8hZspvz_sC0P4DLUL8Q,2021-06-16T16:06:28.941732+00:00,0,,UgyDuNG7jK8iztkdOnt4AaABCQ,,"{""text"":""성비 통계 나오잖아요""}",
UgyT5-jFzoJjVVr4UD14AaABAg,UCuGz8hZspvz_sC0P4DLUL8Q,2021-06-16T15:54:39.514974+00:00,0,,Ugwdu_BCWxnfBfR0GIB4AaABCQ,,"{""text"":""답이 정해져 있짆아;;""}",
UgwVEWw6cIPyWIt2Rch4AaABAg,UCuGz8hZspvz_sC0P4DLUL8Q,2021-05-28T11:38:57.851797+00:00,0,,UgwYN2MyCHVYJ3O3EU94AaABCQ,,"{""text"":""gta5""}",
UgwPt9ZOl-o_B95UlbJ4AaABAg,UCuGz8hZspvz_sC0P4DLUL8Q,2021-05-24T16:42:46.96777+00:00,0,,,fURPc1F0nZ8,"{""text"":""9:15"",""videoLink"":{""externalVideoId"":""fURPc1F0nZ8"",""startTimeSeconds"":555}},{""text"":"" 뜬금 격투기선수;;""}",
Ugx6mbcUh8vrdDxLk4R4AaABAg,UCuGz8hZspvz_sC0P4DLUL8Q,2021-05-24T14:51:55.763471+00:00,0,,,CFVI6XjM6Wc,"{""text"":""kuronai_mimu""},{""text"":""\n""},{""text"":""kuronai_matuge""}",
UgxWQd9KiPv1oBJdSp14AaABAg,UCuGz8hZspvz_sC0P4DLUL8Q,2021-05-21T09:27:51.892154+00:00,0,,UgwX8RcFHPJed4E3iRJ4AaABCQ,,"{""text"":""gta5리마스터""}",
UgyifaXl9QU9TM8smCp4AaABAg,UCuGz8hZspvz_sC0P4DLUL8Q,2021-05-17T14:54:35.216911+00:00,0,,,GL1BvPEWois,"{""text"":""아이즈원 피에스타가 좋긴하제..""}",
UgzrfpepzEARCrxXwHt4AaABAg,UCuGz8hZspvz_sC0P4DLUL8Q,2021-05-16T13:48:25.109048+00:00,0,,,01i5lNDg4Ik,"{""text"":""2-√13×(3*3*3)= 2-27√13""}",
UgyA8H78gEnpHy60lXF4AaABAg,UCuGz8hZspvz_sC0P4DLUL8Q,2021-05-13T16:46:07.291641+00:00,0,,,rpbKBXI193Y,"{""text"":""승우아빠가 37대손이라고요? 우리족보가 잘못됬나?""}",
UgwrZy6uZHMhEQPQz9R4AaABAg,UCuGz8hZspvz_sC0P4DLUL8Q,2021-05-13T16:36:46.419098+00:00,0,,UgxLvhILeoJzvOV779d4AaABCQ,,"{""text"":""오늘 학교에서 키랑 몸무게 쟀더니 180cm에 82나옴""}",
Ugy5PSiEBv8EXeDn-P54AaABAg,UCuGz8hZspvz_sC0P4DLUL8Q,2021-05-01T14:28:15.044768+00:00,0,,,bTaPYguCJ0w,"{""text"":""다음은 나인가...""}",
Ugw-ChS6I63VhBToTCB4AaABAg,UCuGz8hZspvz_sC0P4DLUL8Q,2021-04-25T13:56:18.148234+00:00,0,,,VypyQlFzcQw,"{""text"":""광고로 워십과 월탱은 의도한겁니까?""}",
UgzCOsI3Bh2FQfK1LyR4AaABAg.9MKc5UFE0ej9MLCnYZP7gs,UCuGz8hZspvz_sC0P4DLUL8Q,2021-04-20T02:04:26.151421+00:00,0,UgzCOsI3Bh2FQfK1LyR4AaABAg,,qEhzc0QeBLA,"{""text"":""와 찐이신가;;""}",UgzCOsI3Bh2FQfK1LyR4AaABAg
UgwE_2jvPp5LU3TUXGx4AaABAg,UCuGz8hZspvz_sC0P4DLUL8Q,2021-04-18T13:53:53.843019+00:00,0,,,qEhzc0QeBLA,"{""text"":""01:05"",""videoLink"":{""externalVideoId"":""qEhzc0QeBLA"",""startTimeSeconds"":65}},{""text"":"" 와! 편집 너무 잘하는데? 브금타이밍 예술이고 본인임 고정좀!""}",
Ugwipnol4c2HmlrR31N4AaABAg,UCuGz8hZspvz_sC0P4DLUL8Q,2021-04-17T13:49:11.161344+00:00,0,,,ER_cRVHQFF4,"{""text"":""아 썸네일 담배든줄...""}",
UgxGubQTXr5nYkoyN9h4AaABAg,UCuGz8hZspvz_sC0P4DLUL8Q,2021-04-13T08:57:27.135178+00:00,0,,,4cCWJL5Sty4,"{""text"":""17:36"",""videoLink"":{""externalVideoId"":""4cCWJL5Sty4"",""startTimeSeconds"":1056}},{""text"":"" 이인수님 아니신가요? ""},{""text"":""\n""},{""text"":""프듀출신;;""}",
UgxASekzKMZZSrbiXQ94AaABAg,UCuGz8hZspvz_sC0P4DLUL8Q,2021-04-11T15:43:47.38842+00:00,0,,,9TCj2IJQo2M,"{""text"":""tmi 샤샤가 구한 집에 있던 거인은 코니의 아버지이다""}",
Ugylnu4ZSK_LbtBZTYJ4AaABAg,UCuGz8hZspvz_sC0P4DLUL8Q,2021-04-11T14:36:34.291014+00:00,0,,,r4tVeQCPFp4,"{""text"":""원작이랑 초대형거인 발이다른디?""}",
UgwXDReEx4jWm32V8ld4AaABAg,UCuGz8hZspvz_sC0P4DLUL8Q,2021-04-11T14:02:30.493981+00:00,0,,,FHZpaJMOqM0,"{""text"":""ㅋㅋㅋㅋㅋㅋㅋㅋㅋㅋㅋ""},{""text"":""\n""},{""text"":""보라""}",
UgxDu5gZPBAIHBl_Hbt4AaABAg,UCuGz8hZspvz_sC0P4DLUL8Q,2021-04-11T02:12:47.67977+00:00,0,,,hY9n8PrjRcI,"{""text"":""롤 탈은 지능순""}",
UgwQQUBeaV3cPRth5WV4AaABAg,UCuGz8hZspvz_sC0P4DLUL8Q,2021-03-29T13:15:03.720606+00:00,0,,,OBfK8nJ-j6Y,"{""text"":""안이 카드돈진거 스페이드 6이었는데 왜 다시 주우니까 컬러냐고...""}",
UgyrzV38J25SnOnmGHJ4AaABAg,UCuGz8hZspvz_sC0P4DLUL8Q,2021-03-25T09:32:21.781219+00:00,0,,,owhXV4dTDTg,"{""text"":""위즈원 감사합니다""}",
UgwYKoBzUNfFyZKvH_Z4AaABAg,UCuGz8hZspvz_sC0P4DLUL8Q,2021-03-16T07:59:10.008993+00:00,0,,,lXjP1oXnCwk,"{""text"":""신고안당하는게 다행이다""}",
UgwBKcRFGlNHOwqunlV4AaABAg,UCuGz8hZspvz_sC0P4DLUL8Q,2021-03-13T17:27:26.551637+00:00,0,,,yZENvxj00Hs,"{""text"":""11:56"",""videoLink"":{""externalVideoId"":""yZENvxj00Hs"",""startTimeSeconds"":716}},{""text"":"" 저 맨끝에 배럴같은거 오름요""}",
Ugzlur9fonbgGU44jBZ4AaABAg,UCuGz8hZspvz_sC0P4DLUL8Q,2021-03-05T14:48:28.863077+00:00,0,,,iXpVpEmmoKM,"{""text"":""제발 음원스트리밍 사이트에 올려주세요 있다면 링크좀""}",
UgxSP4S_SK9mgECrssp4AaABAg,UCuGz8hZspvz_sC0P4DLUL8Q,2021-03-04T17:53:43.433026+00:00,0,,,d7pfFD4DqKw,"{""text"":""와 둠 닉좀봐 위즈원이네..""}",
UgysZ1Nc3tk7L1Cy4_J4AaABAg,UCuGz8hZspvz_sC0P4DLUL8Q,2021-02-05T05:11:10.969721+00:00,0,,,_o_XIk_v1Gg,"{""text"":""주인공이 최종보스죽이러가서 최종보스가 된 애니""}",
UgwT1w-AMievvfCzxY14AaABAg,UCuGz8hZspvz_sC0P4DLUL8Q,2021-02-01T17:18:45.9532+00:00,0,,,RGiYZgdVcBA,"{""text"":""이게 어떻게 미자 목소린가요ㅠㅠ""},{""text"":""\n""},{""text"":""너무 좋다..""}",
UgxiBygeVH1BSWp4Ywh4AaABAg.9ImHEEAjNtG9InlpvMabEt,UCuGz8hZspvz_sC0P4DLUL8Q,2021-01-22T03:31:43.950182+00:00,0,UgxiBygeVH1BSWp4Ywh4AaABAg,,wBbKwNC0WzY,"{""text"":""감사합니다!""}",UgxiBygeVH1BSWp4Ywh4AaABAg
Ugwfq1mPFaNh-kuVfht4AaABAg,UCuGz8hZspvz_sC0P4DLUL8Q,2021-01-18T14:02:48.736603+00:00,0,,,_IPdC-VRRnQ,"{""text"":""어 지금 패치 했나요? 연무안뜨는디요""}",
UgyJFGqcB6Z8bKcbEeV4AaABAg,UCuGz8hZspvz_sC0P4DLUL8Q,2021-01-16T16:15:26.785488+00:00,0,,,gsDIx1T2w9c,"{""text"":""분명히 체력이 빨리는 장면인데 유준상님이 가장 편해보임""}",
UgwEaWcN1zKOlxxIv_l4AaABAg,UCuGz8hZspvz_sC0P4DLUL8Q,2021-01-09T08:45:58.00529+00:00,0,,,DlgTwCIB4WU,"{""text"":""아 케빈님 컨트롤 다 돌아가셨네 뒤돌았을때 바로 칼들었으면 이겼을듯""}",
UgwjDHIed0nN09Ie_FN4AaABAg,UCuGz8hZspvz_sC0P4DLUL8Q,2021-01-06T15:26:57.510452+00:00,0,,,b4EdHUM3Bj4,"{""text"":""08:03"",""videoLink"":{""externalVideoId"":""b4EdHUM3Bj4"",""startTimeSeconds"":483}},{""text"":"" 총기울여쏘기""}",
UgzvF8EfuDVt3Cs0cOV4AaABAg,UCuGz8hZspvz_sC0P4DLUL8Q,2020-12-13T16:16:15.018359+00:00,0,,,XC7US8-JpUI,"{""text"":""소매에 찹쌀가루 어떻게 할꺼야;;""}",
Ugyn4yPr0Xp_Jp1uMul4AaABAg,UCuGz8hZspvz_sC0P4DLUL8Q,2020-12-13T12:37:11.351163+00:00,0,,,AJz02xFdoPc,"{""text"":""몬스터 울트라 시트라맛 흰색은 355ml에 14kcal인데요...?""}",
Ugzs3HB8VPTzL6lXCVV4AaABAg,UCuGz8hZspvz_sC0P4DLUL8Q,2020-12-12T04:21:23.178236+00:00,0,,UgyofojXwQErGcOLE_l4AaABCQ,,"{""text"":""빅헤드 큰머리요!""}",
UgyHdbDI6W-q4-JhN3t4AaABAg,UCuGz8hZspvz_sC0P4DLUL8Q,2020-12-12T03:21:08.356946+00:00,0,,,AwAI9ryu3-w,"{""text"":""롤은 안돼 그질병겜은 안돼 게임은 질병이 아니지만 롤은 질병이야""}",
UgwbAkDeYBYe6K66wDx4AaABAg.9H1W5MNh-909H2fRg6CIkT,UCuGz8hZspvz_sC0P4DLUL8Q,2020-12-09T14:40:55.040754+00:00,0,UgwbAkDeYBYe6K66wDx4AaABAg.9H1W5MNh-909H2e8faXTMC,,EFllnPXh9m0,"{""text"":""@박쥐찬"",""mention"":{""externalChannelId"":""UCOxzoLYcs7Xm_oOe3UnMhKg""}},{""text"":"" 저도 친구랑 옵투타고 1시간이면 끝날준작을 옵원이랑 스크램제트탄다고 2시간만에 끝내서 욕먹음""}",UgwbAkDeYBYe6K66wDx4AaABAg
UgzcYZbAmMc3quQq5CB4AaABAg,UCuGz8hZspvz_sC0P4DLUL8Q,2020-12-09T12:25:23.327118+00:00,0,,,qiGaEUnB0Ok,"{""text"":""다음에는 숙주를....""}",
UgwbAkDeYBYe6K66wDx4AaABAg,UCuGz8hZspvz_sC0P4DLUL8Q,2020-12-09T03:51:15.121973+00:00,0,,,EFllnPXh9m0,"{""text"":""옵막투가 질리니까 옛날 개똥차를 찾는지경까지 됐죠. 실제로 저도 옵막투질려서 옵원이랑 스크렘제트타고 날라댕깁니다. 바티801도 탈만하고요. 시작한지 6개월도 안된게임에서 350시간을 찍으면서 고일줄은 더더욱 몰랐고요""}",
UgwKSsaOEAO_oRDyz314AaABAg,UCuGz8hZspvz_sC0P4DLUL8Q,2020-12-08T04:47:10.927725+00:00,0,,UgzUSKlzdKBk_LPFPg54AaABCQ,,"{""text"":""저도 특정그룹에 팬인 사람으로써 조금 불편했습니다. 왜냐하면 개인적으로 특정그룹의 팬들에게 '해체'라는 단어와 '조작'이라는 단어가 조금 불편하게 받아들일 수 있고, 그 단어들로 민감해질 수 있다고 생각합니다. 하지만 비방하려는 의도가 아니고 단지 저희 그룹의 팬이 무개념이라서 죄송하다고 말씀드리고 싶습니다""}",
Ugz0Bukrkd8tl8UsqH54AaABAg,UCuGz8hZspvz_sC0P4DLUL8Q,2020-12-01T18:54:46.612733+00:00,0,,,nA55KZ6oA2A,"{""text"":""3:10"",""videoLink"":{""externalVideoId"":""nA55KZ6oA2A"",""startTimeSeconds"":190}},{""text"":"" 북조선인에다가 반갑다우 겁나 귀엽다""}",
UgwKQbLfI7YCXq6Bfax4AaABAg.9FdXXq92pEH9FdfelK1qjJ,UCuGz8hZspvz_sC0P4DLUL8Q,2020-11-04T15:51:11.56029+00:00,0,UgwKQbLfI7YCXq6Bfax4AaABAg,,GzCZodCzJ5U,"{""text"":""정신적이유로 빠졌다고 봤었어요""}",UgwKQbLfI7YCXq6Bfax4AaABAg
Ugyw3GytxyVa_Aw7GFt4AaABAg,UCuGz8hZspvz_sC0P4DLUL8Q,2020-11-04T15:50:35.439384+00:00,0,,,GzCZodCzJ5U,"{""text"":""왜 역대앨범중에 가장 춤이 힘든거같죠?""}",
UgyZ_8p0SgHXMnVu3CN4AaABAg,UCuGz8hZspvz_sC0P4DLUL8Q,2020-10-23T08:40:34.27849+00:00,0,,,qQLklntYqTg,"{""text"":""08:58"",""videoLink"":{""externalVideoId"":""qQLklntYqTg"",""startTimeSeconds"":538}},{""text"":"" 플님 약간 지성 닮아서 괜찮을듯해요""}",
UgxJcUCYM6ly0JUryzB4AaABAg,UCuGz8hZspvz_sC0P4DLUL8Q,2020-10-20T04:42:32.946149+00:00,0,,UgzkYym4OwROIGj5Csx4AaABCQ,,"{""text"":""아 현고딩인데 ㅁ 한자 밖에모름""}",
Ugw1IYOqFWjIBy6_r1x4AaABAg,UCuGz8hZspvz_sC0P4DLUL8Q,2020-10-05T02:43:28.698327+00:00,0,,UgwDJT75tk4eMFH0LAF4AaABCQ,,"{""text"":""?""}",
Ugw-1_SDmQpP39db2bd4AaABAg,UCuGz8hZspvz_sC0P4DLUL8Q,2020-09-08T11:17:30.212504+00:00,0,,,qU1s_5cNE1A,"{""text"":""25:06"",""videoLink"":{""externalVideoId"":""qU1s_5cNE1A"",""startTimeSeconds"":1506}},{""text"":"" 여기는 사진인화실같은데요""},{""text"":""\n""},{""text"":""사진인화할때 백색광이나 전력이센 그러니까 밝은 불은 사진의 색을 바랜다고 해서 적외선으로합니다""},{""text"":""\n""},{""text"":""그래서 까맣고 빛이 적은겁니다""}",
UgxBgvIRfl4_WdtzPzF4AaABAg,UCuGz8hZspvz_sC0P4DLUL8Q,2020-08-31T09:58:05.218443+00:00,0,,,R1hpYs6vmYA,"{""text"":""지옥은 물설치가 안돼잖아요""}",
Ugx01zkjadkiUl80vdl4AaABAg,UCuGz8hZspvz_sC0P4DLUL8Q,2020-08-29T13:34:22.481429+00:00,0,,,WVvxM5FDEJE,"{""text"":""4:26"",""videoLink"":{""externalVideoId"":""WVvxM5FDEJE"",""startTimeSeconds"":266}},{""text"":"" -메-하던 사람인데 개놀랬다""}",
UgwszehJ94d7O4xkz9Z4AaABAg,UCuGz8hZspvz_sC0P4DLUL8Q,2020-08-27T17:00:03.767718+00:00,0,,,kQwasQzWk7w,"{""text"":""위즈원!""}",
UgxFCF0c4pl0rjZ3q5p4AaABAg,UCuGz8hZspvz_sC0P4DLUL8Q,2020-08-24T14:03:56.063567+00:00,0,,,_E6OwS6luZw,"{""text"":""k/da의 팝스타는 단지 노래와 가수, 의상빨이라는걸 알았다 롤 공식 개막식에서본 팝스타는 무대의 웅장함에 넉을 잃고 봤었지만 원래 (여자)아이들이 추던춤과 다르게 생각보다 단순하게 보이는 팝스타의 안무에 무언가 허전함을 느꼈다. ""},{""text"":""\n""},{""text"":""\n""},{""text"":""결론: 안무가 좀더 빡셌음 좋았겠다""}",
Ugz-DJSdc3-Pp04OTyR4AaABAg.9CfD4btDr8g9CiYiQ1_De1,UCuGz8hZspvz_sC0P4DLUL8Q,2020-08-23T23:43:48.401532+00:00,0,Ugz-DJSdc3-Pp04OTyR4AaABAg,,nvLA_BZY_iA,"{""text"":""오 위즈원""}",Ugz-DJSdc3-Pp04OTyR4AaABAg
UgyxJq4jv47BXMeNtfp4AaABAg.9CMl3a4R2U-9ChwHCJE5pz,UCuGz8hZspvz_sC0P4DLUL8Q,2020-08-23T17:59:10.017034+00:00,0,UgyxJq4jv47BXMeNtfp4AaABAg,,CN_5ZLLrOng,"{""text"":""참치아니고 상어아니고 방어아닌가요?""}",UgyxJq4jv47BXMeNtfp4AaABAg
Ugw6J-zFEEN2MdMVCTh4AaABAg,UCuGz8hZspvz_sC0P4DLUL8Q,2020-08-23T13:43:45.658548+00:00,0,,,1MLRnaGGTp0,"{""text"":""7!*(X)2=7팩(팩토리얼)곱하기 2 아닌가?""},{""text"":""\n""},{""text"":""7X6X5X4X3X2X2=10080""}",
UgwAOAq0WhPl-PSzYR14AaABAg,UCuGz8hZspvz_sC0P4DLUL8Q,2020-08-23T09:59:42.711655+00:00,0,,,y024P2kJNGM,"{""text"":""영상에 안맞는 댓글이지만  박쫀득씨 영상보다가 자동재생에서 나왔어요""}",
UgyAHjCAFCqdllXg6Yl4AaABAg,UCuGz8hZspvz_sC0P4DLUL8Q,2020-08-22T09:17:43.417823+00:00,0,,,kV9vrjZ1U_g,"{""text"":""양털을 어디서 구해?""}",
UgwTOt71H0Xtsi4Db8N4AaABAg,UCuGz8hZspvz_sC0P4DLUL8Q,2020-08-22T04:15:54.464546+00:00,0,,,COpGxZLKm2I,"{""text"":""패파 커맨드 삭제""}",
UgyYTaxzJsVLTs9OHHB4AaABAg,UCuGz8hZspvz_sC0P4DLUL8Q,2020-08-21T14:55:18.817133+00:00,0,,,EGuUzBKr0DI,"{""text"":""저거 뉴띵로얄에서 평화존버로 챌린저가면 부활1회 아니였나요?""}",
UgwikpqqJpOzYHlV6_d4AaABAg,UCuGz8hZspvz_sC0P4DLUL8Q,2020-08-18T16:10:40.608976+00:00,0,,,HA4lyk7x_Ck,"{""text"":""27:44"",""videoLink"":{""externalVideoId"":""HA4lyk7x_Ck"",""startTimeSeconds"":1664}},{""text"":"" 프니엘 \""왜이런 인사를 하지? 불안하게\""플래그""}",
UgzPBYSZ4sISXACj6tl4AaABAg,UCuGz8hZspvz_sC0P4DLUL8Q,2020-08-18T03:14:09.017258+00:00,0,,,sjUIdqoxAaU,"{""text"":""아 뉴비척살 에바네 ㅋㅋ""}",
UgzD2fuPZi8KEW75mRt4AaABAg.9CKBUHeIk599CKHvX0cnBt,UCuGz8hZspvz_sC0P4DLUL8Q,2020-08-14T04:16:02.050213+00:00,0,UgzD2fuPZi8KEW75mRt4AaABAg,,BoJ0pfhMmfU,"{""text"":""와! 한국인!""}",UgzD2fuPZi8KEW75mRt4AaABAg
UgzGyHKQDYEasVpKnpd4AaABAg,UCuGz8hZspvz_sC0P4DLUL8Q,2020-08-05T15:04:09.954354+00:00,0,,,GxXj_ngrYJI,"{""text"":""걍 난쟁이가 쏘아올린 작은공 인데?""}",
UgzBQKzOVKSaQ0umiqZ4AaABAg,UCuGz8hZspvz_sC0P4DLUL8Q,2020-07-15T15:17:11.154065+00:00,0,,,bDp03_59_fs,"{""text"":""satisfied일걸요? 예민한? (신경등이)날카로워진인가?""}",
UgyI0SEm6Ie9sVs5es94AaABAg,UCuGz8hZspvz_sC0P4DLUL8Q,2020-07-13T11:06:30.550624+00:00,0,,,5DDl4m_P4Es,"{""text"":""6:48"",""videoLink"":{""externalVideoId"":""5DDl4m_P4Es"",""startTimeSeconds"":408}},{""text"":"" 빛솔 리액션중 밍구리?""}",
UgyqpxzGEV872H8YP5x4AaABAg,UCuGz8hZspvz_sC0P4DLUL8Q,2020-07-12T14:50:56.535574+00:00,0,,,fi5GCNCSPdo,"{""text"":""20:24"",""videoLink"":{""externalVideoId"":""fi5GCNCSPdo"",""startTimeSeconds"":1224}},{""text"":"" 왜그러냐진짜""}",
UgyYWQc-rsAbFhoqIUt4AaABAg,UCuGz8hZspvz_sC0P4DLUL8Q,2020-07-07T16:53:22.920791+00:00,0,,,JpGcEKxW-UY,"{""text"":""태보송 느린거 걍 이광수 모기송 리믹스인데?""}",
UgzegxZ1DvHvU6ZScm94AaABAg,UCuGz8hZspvz_sC0P4DLUL8Q,2020-07-07T16:47:02.092957+00:00,0,,,DMB9V8j_9gQ,"{""text"":""이게왜 지금?""}",
UgzT_YCod1aH-xH6Jsd4AaABAg,UCuGz8hZspvz_sC0P4DLUL8Q,2020-07-07T15:16:19.531643+00:00,0,,,Lq2857eDlDc,"{""text"":""람다람님이요?""}",
UgyQvx3PKeTdSwqb1xx4AaABAg,UCuGz8hZspvz_sC0P4DLUL8Q,2020-07-06T12:23:12.6535+00:00,0,,,IEpqDVYmVZY,"{""text"":""23:07"",""videoLink"":{""externalVideoId"":""IEpqDVYmVZY"",""startTimeSeconds"":1387}},{""text"":"" 혜원이 춤 가렌....?""}",
UgzNuj6_At2VsrUBxHp4AaABAg,UCuGz8hZspvz_sC0P4DLUL8Q,2020-07-04T00:56:56.168463+00:00,0,,,UixC6UMrjkU,"{""text"":""대지돈서버가 뭐에요?""}",
UgwWf3lOr9Svvw8ZgVR4AaABAg,UCuGz8hZspvz_sC0P4DLUL8Q,2020-06-23T15:18:33.135646+00:00,0,,,V2Jh_B2XQtQ,"{""text"":""2:18"",""videoLink"":{""externalVideoId"":""V2Jh_B2XQtQ"",""startTimeSeconds"":138}},{""text"":"" 저는안티가 아닙니다 민주님은 대탈출안대로 나오는 어글리 포로그를 닮았습니다""}",





